00000000000002;2;
07898908893120;2;
00000000000003;3;
07898908893182;3;
00000000000004;4;
07898908893274;4;
00000000000005;5;
07898908893014;5;
00000000000006;6;
07898908893137;6;
00000000000007;7;
07898908893052;7;
00000000000008;8;
07898908893298;8;
00000000000009;9;
07898908893021;9;
00000000000010;10;
07898908893250;10;
00000000000011;11;
07898908893113;11;
00000000000012;12;
07898908893069;12;
00000000000013;13;
07898908893243;13;
00000000000015;15;
07898908893229;15;
00000000000016;16;
07898908893267;16;
00000000000018;18;
07896058503777;18;
00000000000019;19;
07896058503821;19;
00000000000020;20;
07896058503852;20;
00000000000021;21;
07896058500806;21;
00000000000022;22;
07896058500837;22;
00000000000029;29;
07896058503043;29;
00000000000030;30;
07896058500738;30;
00000000000031;31;
07896058500714;31;
00000000000032;32;
07896058500721;32;
00000000000033;33;
07896058500745;33;
00000000000034;34;
07896058500752;34;
00000000000037;37;
07896058516302;37;
00000000000042;42;
07896058505467;42;
00000000000044;44;
07896058505450;44;
00000000000046;46;
07896058505443;46;
00000000000047;47;
07896058505436;47;
00000000000048;48;
07896058505429;48;
00000000000051;51;
07896058502206;51;
00000000000052;52;
07896058502404;52;
00000000000054;54;
07896058503340;54;
00000000000055;55;
07896058503128;55;
00000000000056;56;
07896058503432;56;
00000000000058;58;
07896058503326;58;
00000000000059;59;
07896058503333;59;
00000000000061;61;
07896058503357;61;
00000000000066;66;
07896058501568;66;
00000000000071;71;
17898371130026;71;
00000000000072;72;
17898371130033;72;
00000000000073;73;
17898371130064;73;
00000000000074;74;
17898371130071;74;
00000000000081;81;
17898371130019;81;
00000000000085;85;
07896058502305;85;
00000000000088;88;
07896058510188;88;
00000000000089;89;
17898371130057;89;
00000000000090;90;
17897041125249;90;
00000000000091;91;
17897041125225;91;
00000000000092;92;
17897041125263;92;
00000000000093;93;
17897041125256;93;
00000000000094;94;
17897041125232;94;
00000000000095;95;
17897041125218;95;
00000000000096;96;
17897041125270;96;
00000000000097;97;
07896058503272;97;
00000000000098;98;
07896058503289;98;
00000000000103;103;
07898061110058;103;
00000000000104;104;
07898061110034;104;
00000000000130;130;
07896058516104;130;
00000000000138;138;
07896058507218;138;
00000000000139;139;
07896058507232;139;
00000000000142;142;
07896058503296;142;
00000000000144;144;
07898908893342;144;
00000000000145;145;
07898908893359;145;
00000000000263;263;
07898908893335;263;
00000000000417;417;
07896058503302;417;
00000000000442;442;
07896236300129;442;
00000000000443;443;
07896236300730;443;
00000000000444;444;
07896236300501;444;
00000000000445;445;
07896236300099;445;
00000000000446;446;
07896236300648;446;
00000000000447;447;
07896236300136;447;
00000000000456;456;
07896058503760;456;
00000000000457;457;
07896058503791;457;
00000000000458;458;
07896058503845;458;
07896058507225;459;
00000000000463;463;
07896058502152;463;
00000000000464;464;
07896058507256;464;
00000000000467;467;
07896058503319;467;
00000000000468;468;
07896058501506;468;
00000000000477;477;
07896058502329;477;
00000000000482;482;
07896058501407;482;
00000000000492;492;
07896058505023;492;
00000000000493;493;
17898371130088;493;
00000000000503;503;
07898908893441;503;
00000000000506;506;
07896058502107;506;
00000000000531;531;
07896058501100;531;
00000000000554;554;
07896058591507;554;
00000000000582;582;
07896058501209;582;
00000000000588;588;
07896058501308;588;
00000000000589;589;
07896058555004;589;
00000000000598;598;
07896058591613;598;
00000000000603;603;
07896058501704;603;
00000000000608;608;
07896058591637;608;
00000000000609;609;
07896058591644;609;
00000000000610;610;
07896058591606;610;
00000000000611;611;
07896058505504;611;
00000000000612;612;
07896058591323;612;
00000000000613;613;
07896058591804;613;
00000000000614;614;
07896058591972;614;
00000000000649;649;
07896058591958;649;
00000000000667;667;
07896058591682;667;
00000000000670;670;
07896058513660;670;
00000000000671;671;
07896058500592;671;
00000000000678;678;
07896481055522;678;
00000000000679;679;
00000000000680;680;
07896481033490;680;
00000000000683;683;
07896058591705;683;
00000000000696;696;
07896058505054;696;
00000000000701;701;
07896058591620;701;
00000000000710;710;
07896058592740;710;
00000000000722;722;
07896058504217;722;
00000000000744;744;
07896058592139;744;
00000000000745;745;
07896058592108;745;
00000000000746;746;
07896058591590;746;
00000000000751;751;
07896058503135;751;
00000000000758;758;
07896481056871;758;
00000000000763;763;
07896058592702;763;
00000000000765;765;
07896058592672;765;
00000000000767;767;
07896058592696;767;
00000000000769;769;
07896058592665;769;
00000000000787;787;
07896058593129;787;
00000000000797;797;
07896481055515;797;
00000000000798;798;
07896058592641;798;
00000000000799;799;
07896058592634;799;
00000000000801;801;
07896058592658;801;
00000000000806;806;
07896058500790;806;
00000000000810;810;
07896058500912;810;
00000000000814;814;
07896058593174;814;
00000000000820;820;
07896058593150;820;
00000000000823;823;
07898624090063;823;
00000000000824;824;
07896058593167;824;
00000000000825;825;
07898624090100;825;
00000000000826;826;
07898624090070;826;
00000000000837;837;
07896058591651;837;
00000000000850;850;
07898908893496;850;
00000000000854;854;
07896058591750;854;
00000000000855;855;
07896058593143;855;
00000000000881;881;
07896058593440;881;
00000000000883;883;
07896058593457;883;
00000000000886;886;
07896058593464;886;
00000000000888;888;
07896058593419;888;
00000000000889;889;
07896058593396;889;
00000000000890;890;
07896058593372;890;
00000000000941;941;
07896236305155;941;
00000000000965;965;
07896058593587;965;
00000000000966;966;
07896058591675;966;
00000000000995;995;
07896058594225;995;
00000000001025;1025;
07896058591668;1025;
00000000001026;1026;
07896058593662;1026;
00000000001030;1030;
07896058592719;1030;
00000000001032;1032;
07896058591699;1032;
00000000001039;1039;
07898908893472;1039;
00000000001052;1052;
07896481033377;1052;
00000000001053;1053;
07896058517521;1053;
00000000001054;1054;
07896058517422;1054;
00000000001055;1055;
07896236300860;1055;
00000000001056;1056;
07896058592733;1056;
00000000001057;1057;
07896058591989;1057;
00000000001058;1058;
07896481057106;1058;
00000000001059;1059;
07896058505214;1059;
00000000001060;1060;
07896481056123;1060;
00000000001061;1061;
07896481056079;1061;
00000000001062;1062;
07896481056093;1062;
00000000001063;1063;
07896481056116;1063;
00000000001064;1064;
07896481056086;1064;
00000000001065;1065;
07896481056109;1065;
00000000001066;1066;
07896481056796;1066;
00000000001067;1067;
07896481056925;1067;
00000000001068;1068;
07896058516098;1068;
00000000001069;1069;
07896058592627;1069;
00000000001070;1070;
07896481056161;1070;
00000000001071;1071;
07896481056185;1071;
00000000001072;1072;
07896481056178;1072;
00000000001073;1073;
07898108150146;1073;
00000000001074;1074;
07896481033384;1074;
00000000001075;1075;
07896481055676;1075;
00000000001076;1076;
07896058591521;1076;
00000000001077;1077;
07896058504668;1077;
00000000001078;1078;
07898021636093;1078;
00000000001079;1079;
07898021636024;1079;
00000000001080;1080;
07898021636031;1080;
00000000001081;1081;
07898021636017;1081;
00000000001082;1082;
07898021636055;1082;
00000000001083;1083;
07898021636000;1083;
00000000001084;1084;
07898021636048;1084;
00000000001085;1085;
07898021636062;1085;
00000000001086;1086;
07898021636086;1086;
00000000001087;1087;
07898021635508;1087;
00000000001088;1088;
07898021635515;1088;
00000000001089;1089;
07898021635546;1089;
00000000001090;1090;
07898021635553;1090;
00000000001091;1091;
07898021637519;1091;
00000000001092;1092;
07898021637533;1092;
00000000001093;1093;
07898021637540;1093;
00000000001094;1094;
07898021637526;1094;
00000000001095;1095;
07898021637502;1095;
00000000001096;1096;
07898021637557;1096;
00000000001097;1097;
07898021637564;1097;
00000000001098;1098;
07898021633504;1098;
00000000001099;1099;
07898021633511;1099;
00000000001100;1100;
07898021633535;1100;
00000000001101;1101;
07898021633542;1101;
00000000001102;1102;
07898021638059;1102;
00000000001103;1103;
07898021638004;1103;
00000000001104;1104;
07898021638028;1104;
00000000001105;1105;
07898021638042;1105;
00000000001106;1106;
07898021638035;1106;
00000000001107;1107;
07898021638011;1107;
00000000001108;1108;
07898021638066;1108;
00000000001109;1109;
07898021638080;1109;
00000000001110;1110;
07898021633061;1110;
00000000001111;1111;
07898021633016;1111;
00000000001112;1112;
07898021633030;1112;
00000000001113;1113;
07898021633054;1113;
00000000001114;1114;
07898021633047;1114;
00000000001115;1115;
07898021633023;1115;
00000000001116;1116;
07898021633009;1116;
00000000001117;1117;
07898021633085;1117;
00000000001118;1118;
07896306612848;1118;
00000000001119;1119;
07896306612862;1119;
00000000001120;1120;
07896306612855;1120;
00000000001121;1121;
07896306617508;1121;
00000000001122;1122;
07896306618307;1122;
00000000001123;1123;
07898530840011;1123;
00000000001124;1124;
07896058591941;1124;
00000000001125;1125;
07898371130326;1125;
00000000001126;1126;
07896350809379;1126;
00000000001127;1127;
07896236300228;1127;
00000000001128;1128;
07896236300266;1128;
00000000001129;1129;
07896286614863;1129;
00000000001130;1130;
00000000001131;1131;
07898021636079;1131;
00000000001132;1132;
07898021635522;1132;
00000000001133;1133;
07896481033407;1133;
00000000001134;1134;
00000000001135;1135;
00000000001136;1136;
00000000001137;1137;
00000000001138;1138;
00000000001139;1139;
00000000001140;1140;
00000000001141;1141;
00000000001142;1142;
00000000001143;1143;
00000000001144;1144;
00000000001145;1145;
00000000001146;1146;
00000000001147;1147;
00000000001148;1148;
00000000001149;1149;
00000000001150;1150;
00000000001151;1151;
00000000001152;1152;
00000000001153;1153;
00000000001154;1154;
00000000001155;1155;
00000000001156;1156;
00000000001157;1157;
00000000001158;1158;
00000000001159;1159;
00000000001160;1160;
00000000001161;1161;
00000000001162;1162;
00000000001163;1163;
00000000001164;1164;
00000000001165;1165;
00000000001166;1166;
00000000001167;1167;
00000000001168;1168;
00000000001169;1169;
00000000001170;1170;
00000000001171;1171;
07898021631012;1171;
00000000001172;1172;
07896685200063;1172;
00000000001173;1173;
00000000001174;1174;
00000000031174;1174;
00000000001175;1175;
00000000001176;1176;
07622300862299;1176;
00000000001177;1177;
07622300862466;1177;
00000000001178;1178;
07891000460214;1178;
00000000001179;1179;
07891000003299;1179;
00000000001180;1180;
07896306616396;1180;
00000000001181;1181;
07896665280573;1181;
00000000001182;1182;
07896665280931;1182;
00000000001183;1183;
07896665280979;1183;
00000000001184;1184;
07891118013487;1184;
00000000001185;1185;
07891118011957;1185;
00000000001186;1186;
00000000001187;1187;
00000000001188;1188;
00000000001189;1189;
00000000001190;1190;
00000000001191;1191;
00000000001192;1192;
00000000001193;1193;
00000000001194;1194;
00000000001195;1195;
00000000001196;1196;
00000000001197;1197;
00000000001198;1198;
07896481033414;1198;
00000000001199;1199;
00000000001200;1200;
00000000001201;1201;
00000000001202;1202;
07896058594362;1202;
00000000001203;1203;
07896058594348;1203;
00000000001204;1204;
07896058594331;1204;
00000000001205;1205;
07896058594355;1205;
00000000001206;1206;
07896306618437;1206;
00000000001207;1207;
07898021633078;1207;
00000000001208;1208;
00000000001209;1209;
00000000001210;1210;
00000000001211;1211;
00000000001212;1212;
00000000001213;1213;
07896286614870;1213;
00000000001214;1214;
07895800400142;1214;
00000000001215;1215;
07895800400159;1215;
00000000001216;1216;
07895800400227;1216;
00000000001217;1217;
07895800400180;1217;
00000000001218;1218;
00000000001219;1219;
07896058593471;1219;
00000000001220;1220;
07898908893328;1220;
00000000001221;1221;
00000000001222;1222;
00000000001223;1223;
00000000001224;1224;
00000000001225;1225;
07898021638073;1225;
00000000001226;1226;
00000000001227;1227;
07896058510119;1227;
00000000001228;1228;
07898021631111;1228;
00000000001229;1229;
00000000001230;1230;
00000000001231;1231;
00000000001232;1232;
00000000001233;1233;
00000000001234;1234;
00000000001235;1235;
00000000001236;1236;
00000000001237;1237;
07898032485000;1237;
00000000001238;1238;
07898032485017;1238;
00000000001239;1239;
07898032484980;1239;
00000000001240;1240;
07898032487158;1240;
00000000001241;1241;
00000000001242;1242;
00000000001243;1243;
00000000001244;1244;
00000000001245;1245;
00000000001246;1246;
00000000001247;1247;
00000000001248;1248;
00000000001249;1249;
07896058591552;1249;
00000000001250;1250;
07896058592689;1250;
00000000001251;1251;
07898961989044;1251;
00000000001252;1252;
07898961989020;1252;
00000000001253;1253;
07898961989068;1253;
00000000001254;1254;
00000000001255;1255;
00000000001256;1256;
00000000001257;1257;
00000000001258;1258;
00000000001259;1259;
00000000001260;1260;
00000000001261;1261;
07896058594621;1261;
00000000001262;1262;
07896058594669;1262;
00000000001263;1263;
07896058594638;1263;
00000000001264;1264;
00000000001265;1265;
00000000001266;1266;
00000000001267;1267;
00000000001268;1268;
00000000001269;1269;
00000000001270;1270;
00000000001271;1271;
00000000001272;1272;
00000000001273;1273;
00000000001274;1274;
00000000001275;1275;
00000000001276;1276;
00000000001277;1277;
00000000001278;1278;
00000000001279;1279;
00000000001280;1280;
00000000001281;1281;
00000000001282;1282;
00000000001283;1283;
00000000001284;1284;
07891151026567;1284;
00000000001285;1285;
07891151033800;1285;
00000000001286;1286;
07891151026574;1286;
00000000001287;1287;
00000000001288;1288;
00000000001289;1289;
00000000001290;1290;
07898021637748;1290;
00000000001291;1291;
07898021637731;1291;
00000000001292;1292;
07898021637762;1292;
00000000001293;1293;
07898021637755;1293;
00000000001294;1294;
07898021637700;1294;
00000000001295;1295;
07898021637724;1295;
00000000001296;1296;
07898021637717;1296;
00000000001297;1297;
00000000001298;1298;
07896306619465;1298;
00000000001299;1299;
07896058594591;1299;
00000000001300;1300;
00000000001301;1301;
00000000001302;1302;
00000000001303;1303;
00000000001304;1304;
00000000001305;1305;
07896058508239;1305;
00000000001306;1306;
00000000001307;1307;
00000000001308;1308;
07896665200731;1308;
00000000001309;1309;
07896665200052;1309;
00000000001310;1310;
00000000001311;1311;
00000000001312;1312;
00000000001313;1313;
00000000001314;1314;
00000000001315;1315;
00000000001316;1316;
00000000001317;1317;
00000000001318;1318;
00000000001319;1319;
00000000001320;1320;
00000000001321;1321;
00000000001322;1322;
00000000001323;1323;
00000000001324;1324;
00000000001325;1325;
00000000001326;1326;
00000000001327;1327;
00000000001328;1328;
00000000001329;1329;
00000000001330;1330;
00000000001331;1331;
00000000001332;1332;
00000000001333;1333;
00000000001334;1334;
00000000001335;1335;
00000000001336;1336;
00000000001337;1337;
00000000001338;1338;
00000000001339;1339;
00000000001340;1340;
00000000001341;1341;
00000000001342;1342;
00000000001343;1343;
07891118011971;1343;
00000000001344;1344;
07896058594553;1344;
00000000001345;1345;
07896058507683;1345;
00000000001346;1346;
07896058507690;1346;
00000000001347;1347;
07896058594584;1347;
00000000001348;1348;
07896665280894;1348;
00000000001349;1349;
00000000001350;1350;
00000000001351;1351;
00000000001352;1352;
00000000001353;1353;
00000000001354;1354;
00000000001355;1355;
00000000001356;1356;
00000000001357;1357;
00000000001358;1358;
00000000001359;1359;
00000000001360;1360;
00000000001361;1361;
00000000001362;1362;
00000000001363;1363;
00000000001364;1364;
00000000001365;1365;
00000000001366;1366;
00000000001367;1367;
00000000001368;1368;
00000000001369;1369;
00000000001370;1370;
00000000001371;1371;
00000000001372;1372;
00000000001373;1373;
00000000001374;1374;
00000000001375;1375;
00000000001376;1376;
00000000001377;1377;
00000000001378;1378;
00000000001379;1379;
00000000001380;1380;
00000000001381;1381;
00000000001382;1382;
00000000001383;1383;
00000000001384;1384;
00000000001385;1385;
00000000001386;1386;
00000000001387;1387;
00000000001388;1388;
00000000001389;1389;
00000000001390;1390;
00000000001391;1391;
00000000001392;1392;
07896058594959;1392;
00000000001393;1393;
07896058594911;1393;
00000000001394;1394;
07896058594768;1394;
00000000001395;1395;
07896058594874;1395;
00000000001396;1396;
07896058594836;1396;
00000000001397;1397;
07896058594799;1397;
00000000001398;1398;
07896058594942;1398;
00000000001399;1399;
07896058594867;1399;
00000000001400;1400;
07896058594881;1400;
00000000001401;1401;
07896058594829;1401;
00000000001402;1402;
07896058594812;1402;
00000000001403;1403;
07896058594935;1403;
00000000001404;1404;
07896058594782;1404;
00000000001405;1405;
07896058594850;1405;
00000000001406;1406;
07896058594904;1406;
00000000001407;1407;
00000000001408;1408;
00000000001409;1409;
00000000001410;1410;
00000000001411;1411;
07896306614422;1411;
00000000001412;1412;
00000000001413;1413;
00000000001414;1414;
00000000001415;1415;
00000000001416;1416;
00000000001417;1417;
00000000001418;1418;
00000000001419;1419;
00000000001420;1420;
00000000001421;1421;
00000000001422;1422;
00000000001423;1423;
00000000001424;1424;
00000000001425;1425;
00000000001426;1426;
00000000001427;1427;
00000000001428;1428;
00000000001429;1429;
00000000001430;1430;
00000000001431;1431;
00000000001432;1432;
00000000001433;1433;
00000000001434;1434;
00000000001435;1435;
00000000001436;1436;
00000000001437;1437;
00000000001438;1438;
00000000001439;1439;
00000000001440;1440;
00000000001441;1441;
00000000001442;1442;
00000000001443;1443;
00000000001444;1444;
00000000001445;1445;
00000000001446;1446;
00000000001447;1447;
00000000001448;1448;
00000000001449;1449;
00000000001450;1450;
00000000001451;1451;
00000000001452;1452;
00000000001453;1453;
00000000001454;1454;
00000000001455;1455;
00000000001456;1456;
00000000001457;1457;
00000000001458;1458;
00000000001459;1459;
00000000001460;1460;
00000000001461;1461;
00000000001462;1462;
00000000001463;1463;
00000000001464;1464;
00000000001465;1465;
00000000001466;1466;
00000000001467;1467;
00000000001468;1468;
00000000001469;1469;
00000000001470;1470;
00000000001471;1471;
00000000001472;1472;
00000000001473;1473;
00000000001474;1474;
00000000001475;1475;
00000000001476;1476;
00000000001477;1477;
00000000001478;1478;
00000000001479;1479;
00000000001480;1480;
00000000001481;1481;
00000000001482;1482;
00000000001483;1483;
00000000001484;1484;
00000000001485;1485;
00000000001486;1486;
07891151035248;1486;
00000000001487;1487;
00000000001488;1488;
00000000001489;1489;
00000000001490;1490;
00000000001491;1491;
00000000001492;1492;
00000000001493;1493;
00000000001494;1494;
00000000001495;1495;
00000000001496;1496;
00000000001497;1497;
00000000001498;1498;
00000000001499;1499;
00000000001500;1500;
00000000001501;1501;
00000000001502;1502;
00000000001503;1503;
00000000001504;1504;
00000000001505;1505;
00000000001506;1506;
00000000001507;1507;
00000000001508;1508;
00000000001509;1509;
00000000001510;1510;
00000000001511;1511;
00000000001512;1512;
00000000001513;1513;
00000000001514;1514;
00000000001515;1515;
00000000001516;1516;
00000000001517;1517;
00000000001518;1518;
00000000001519;1519;
00000000001520;1520;
00000000001521;1521;
00000000001522;1522;
00000000001523;1523;
00000000001524;1524;
00000000001525;1525;
00000000001526;1526;
00000000001527;1527;
00000000001528;1528;
07896058595352;1528;
00000000001529;1529;
07896058595314;1529;
00000000001530;1530;
07896058595321;1530;
00000000001531;1531;
07896058595291;1531;
00000000001532;1532;
07896058595338;1532;
00000000001533;1533;
07896058595307;1533;
00000000001534;1534;
07896058595345;1534;
00000000001535;1535;
07896058595369;1535;
00000000001536;1536;
07896058595383;1536;
00000000001537;1537;
07896058595284;1537;
00000000001538;1538;
07896058595376;1538;
00000000001539;1539;
07896058595277;1539;
00000000001540;1540;
07896058595413;1540;
00000000001541;1541;
07896058595406;1541;
00000000001542;1542;
07896058595390;1542;
00000000001543;1543;
00000000001544;1544;
07896306620140;1544;
00000000001545;1545;
00000000001546;1546;
00000000001547;1547;
00000000001548;1548;
07896058595475;1548;
00000000001549;1549;
07896058595437;1549;
00000000001550;1550;
00000000001551;1551;
07896019602105;1551;
00000000001552;1552;
07896019602006;1552;
00000000001553;1553;
00000000001554;1554;
00000000001555;1555;
00000000001556;1556;
00000000001557;1557;
00000000001558;1558;
00000000001559;1559;
00000000001560;1560;
00000000001561;1561;
00000000001562;1562;
00000000001563;1563;
00000000001564;1564;
00000000001565;1565;
00000000001566;1566;
07896058595079;1566;
00000000001567;1567;
07896058595093;1567;
00000000001568;1568;
07896058595451;1568;
00000000001569;1569;
00000000001570;1570;
00000000001571;1571;
00000000001572;1572;
00000000001573;1573;
00000000001574;1574;
00000000001575;1575;
00000000001576;1576;
00000000001577;1577;
00000000001578;1578;
00000000001579;1579;
00000000001580;1580;
00000000001581;1581;
00000000001582;1582;
00000000001583;1583;
00000000001584;1584;
00000000001585;1585;
00000000001586;1586;
00000000001587;1587;
00000000001588;1588;
00000000001589;1589;
00000000001590;1590;
00000000001591;1591;
00000000001592;1592;
00000000001593;1593;
00000000001594;1594;
00000000001595;1595;
00000000001596;1596;
00000000001597;1597;
00000000001598;1598;
00000000001599;1599;
00000000001600;1600;
00000000001601;1601;
00000000001602;1602;
00000000001603;1603;
00000000001604;1604;
07896058511550;1604;
00000000001605;1605;
00000000001606;1606;
00000000001607;1607;
07896058592146;1607;
00000000001608;1608;
00000000001609;1609;
00000000001610;1610;
00000000001611;1611;
00000000001612;1612;
00000000001613;1613;
00000000001614;1614;
00000000001615;1615;
07891151034753;1615;
00000000001616;1616;
07891151034777;1616;
00000000001617;1617;
00000000001618;1618;
00000000001619;1619;
00000000001620;1620;
00000000001621;1621;
00000000001622;1622;
00000000001623;1623;
07898206270364;1623;
00000000001624;1624;
07898206270012;1624;
00000000001625;1625;
07898206270210;1625;
00000000001626;1626;
07898206270388;1626;
00000000001627;1627;
07898206273907;1627;
00000000001628;1628;
07898206270371;1628;
00000000001629;1629;
00000000001630;1630;
00000000001631;1631;
07898908893311;1631;
00000000001632;1632;
07896058590500;1632;
00000000001633;1633;
07896058592511;1633;
00000000001634;1634;
07896058591934;1634;
00000000001635;1635;
07896058596021;1635;
00000000001636;1636;
07896058596038;1636;
00000000001637;1637;
07896058596045;1637;
00000000001638;1638;
07896058596076;1638;
00000000001639;1639;
07896058596083;1639;
00000000001640;1640;
07896058596069;1640;
00000000001641;1641;
00000000001642;1642;
00000000001643;1643;
00000000001644;1644;
00000000001645;1645;
00000000001646;1646;
00000000001647;1647;
00000000001648;1648;
00000000001649;1649;
00000000001650;1650;
00000000001651;1651;
00000000001652;1652;
00000000001653;1653;
00000000001654;1654;
00000000001655;1655;
07896058596304;1655;
00000000001656;1656;
00000000001657;1657;
00000000001658;1658;
00000000001659;1659;
00000000001660;1660;
00000000001661;1661;
00000000001662;1662;
00000000001663;1663;
00000000001664;1664;
00000000001665;1665;
07896058592726;1665;
00000000001666;1666;
00000000001667;1667;
00000000001668;1668;
00000000001669;1669;
07896665200175;1669;
00000000001670;1670;
00000000001671;1671;
00000000001672;1672;
00000000001673;1673;
00000000001674;1674;
00000000001675;1675;
00000000001676;1676;
00000000001677;1677;
00000000001678;1678;
00000000001679;1679;
00000000001680;1680;
07898049120550;1680;
00000000001681;1681;
07898049120437;1681;
00000000001682;1682;
00000000001683;1683;
00000000001684;1684;
00000000001685;1685;
07896058596540;1685;
00000000001686;1686;
00000000001687;1687;
00000000001688;1688;
00000000001689;1689;
00000000001690;1690;
00000000001691;1691;
00000000001692;1692;
00000000001693;1693;
00000000001694;1694;
00000000001695;1695;
00000000001696;1696;
00000000001697;1697;
00000000001698;1698;
00000000001699;1699;
00000000001700;1700;
00000000001701;1701;
00000000001702;1702;
00000000001703;1703;
00000000001704;1704;
00000000001705;1705;
00000000001706;1706;
00000000001707;1707;
00000000001708;1708;
00000000001709;1709;
00000000001710;1710;
00000000001711;1711;
00000000001712;1712;
00000000001713;1713;
00000000001714;1714;
00000000001715;1715;
00000000001716;1716;
00000000001717;1717;
00000000001718;1718;
00000000001719;1719;
00000000001720;1720;
00000000001721;1721;
07898363000019;1721;
00000000001722;1722;
00000000001723;1723;
00000000001724;1724;
00000000001725;1725;
00000000001726;1726;
00000000001727;1727;
00000000001728;1728;
00000000001729;1729;
00000000001730;1730;
07896306621093;1730;
00000000001731;1731;
07896306621017;1731;
00000000001732;1732;
07896306617690;1732;
00000000001733;1733;
07896306617683;1733;
00000000001734;1734;
07896306620829;1734;
00000000001735;1735;
07896306617669;1735;
00000000001736;1736;
07896306621079;1736;
00000000001737;1737;
00000000001738;1738;
07896058597493;1738;
00000000001739;1739;
07896058597691;1739;
00000000001740;1740;
07896058592153;1740;
00000000001741;1741;
07896058596557;1741;
00000000001742;1742;
07896058596441;1742;
00000000001743;1743;
07896058596458;1743;
00000000001744;1744;
07896058596892;1744;
00000000001745;1745;
07896306621239;1745;
00000000001746;1746;
07896306621000;1746;
00000000001747;1747;
07891118011995;1747;
00000000001748;1748;
07896058595673;1748;
00000000001749;1749;
07896058595628;1749;
00000000001750;1750;
07896058595659;1750;
00000000001751;1751;
07896058595604;1751;
00000000001752;1752;
00000000001753;1753;
07896058597837;1753;
00000000001754;1754;
07896058596755;1754;
00000000001755;1755;
07896058597387;1755;
00000000001756;1756;
07896058597363;1756;
00000000001757;1757;
00000000001758;1758;
00000000001759;1759;
07896306622373;1759;
00000000001760;1760;
07896306622397;1760;
00000000001761;1761;
07896306622588;1761;
00000000001762;1762;
07898021631319;1762;
00000000001763;1763;
07898021636529;1763;
00000000001764;1764;
07898021632415;1764;
00000000001765;1765;
07898021632422;1765;
00000000001766;1766;
07896058597141;1766;
00000000001767;1767;
07896058597455;1767;
00000000001768;1768;
07896058597868;1768;
00000000001769;1769;
07898021636611;1769;
00000000001770;1770;
07898021635706;1770;
00000000001771;1771;
07898021632408;1771;
00000000001772;1772;
07898021632439;1772;
00000000001773;1773;
07898049120444;1773;
00000000001774;1774;
07898021636604;1774;
00000000001775;1775;
07898021636512;1775;
00000000001776;1776;
07898021634020;1776;
00000000001777;1777;
07898021634105;1777;
00000000001778;1778;
07898021630039;1778;
00000000001779;1779;
07898021630046;1779;
00000000001780;1780;
07898021635607;1780;
00000000001781;1781;
07898141490025;1781;
00000000001782;1782;
07898021639001;1782;
00000000001783;1783;
07898021632200;1783;
00000000001784;1784;
00000000001785;1785;
07892840816254;1785;
00000000001786;1786;
07892840253745;1786;
00000000001787;1787;
07892840815912;1787;
00000000001788;1788;
07892840815950;1788;
00000000001789;1789;
07892840816261;1789;
00000000001790;1790;
07892840816322;1790;
00000000001791;1791;
07892840255442;1791;
00000000001792;1792;
07892840120214;1792;
00000000001793;1793;
07892840225711;1793;
00000000001794;1794;
07892840816063;1794;
00000000001795;1795;
07892840253646;1795;
00000000001796;1796;
07892840253448;1796;
00000000001797;1797;
07892840253141;1797;
00000000001798;1798;
07892840816452;1798;
00000000001799;1799;
07892840252649;1799;
00000000001800;1800;
07892840234348;1800;
00000000001801;1801;
07892840253844;1801;
00000000001802;1802;
07892840255541;1802;
00000000001803;1803;
07892840254940;1803;
00000000001804;1804;
07892840215217;1804;
00000000001805;1805;
07892840816339;1805;
00000000001806;1806;
07892840254841;1806;
00000000001807;1807;
07892840816438;1807;
00000000001808;1808;
07892840222444;1808;
00000000001809;1809;
07892840816278;1809;
00000000001810;1810;
00000000001811;1811;
00000000001812;1812;
07898021635713;1812;
00000000001813;1813;
07898021635720;1813;
00000000001814;1814;
07892840816049;1814;
00000000001815;1815;
00000000001816;1816;
07896058598285;1816;
00000000001817;1817;
07892840814557;1817;
00000000001818;1818;
07892840247041;1818;
00000000001819;1819;
07892840816308;1819;
00000000001820;1820;
00000000001821;1821;
00000000001822;1822;
07898021635768;1822;
00000000001823;1823;
07898021635737;1823;
00000000001824;1824;
07898021635751;1824;
00000000001825;1825;
07896238401152;1825;
00000000001826;1826;
07896238401138;1826;
00000000001827;1827;
07896238401275;1827;
00000000001828;1828;
07896238401121;1828;
00000000001829;1829;
07896238401145;1829;
00000000001830;1830;
17893590690726;1830;
00000000001831;1831;
17893590691020;1831;
00000000001832;1832;
17893590690979;1832;
00000000001833;1833;
07892840255046;1833;
00000000001834;1834;
00000000001835;1835;
00000000001836;1836;
00000000001837;1837;
00000000001838;1838;
00000000001839;1839;
00000000001840;1840;
00000000001841;1841;
00000000001842;1842;
00000000001843;1843;
00000000001844;1844;
00000000001845;1845;
00000000001846;1846;
00000000001847;1847;
00000000001848;1848;
00000000001849;1849;
00000000001850;1850;
00000000001851;1851;
00000000001852;1852;
00000000001853;1853;
00000000001854;1854;
00000000001855;1855;
00000000001856;1856;
00000000001857;1857;
00000000001858;1858;
00000000001859;1859;
00000000001860;1860;
00000000001861;1861;
00000000001862;1862;
00000000001863;1863;
00000000001864;1864;
00000000001865;1865;
00000000001866;1866;
00000000001867;1867;
97896542360056;1867;
00000000001868;1868;
00000000001869;1869;
07892840256449;1869;
00000000001870;1870;
07892840257248;1870;
00000000001871;1871;
07892840814625;1871;
00000000001872;1872;
07892840814632;1872;
00000000001873;1873;
07892840817541;1873;
00000000001874;1874;
07892840817657;1874;
00000000001875;1875;
00000000001876;1876;
00000000001877;1877;
07896058598476;1877;
00000000001878;1878;
07896058598469;1878;
00000000001879;1879;
07908084002046;1879;
00000000001880;1880;
07896306623165;1880;
00000000001881;1881;
00000000001882;1882;
00000000001883;1883;
00000000001884;1884;
00000000001885;1885;
00000000001886;1886;
00000000001887;1887;
00000000001888;1888;
00000000001889;1889;
00000000001890;1890;
00000000001891;1891;
00000000001892;1892;
00000000001893;1893;
00000000001894;1894;
00000000001895;1895;
00000000001896;1896;
00000000001897;1897;
00000000001898;1898;
00000000001899;1899;
00000000001900;1900;
00000000001901;1901;
00000000001902;1902;
00000000001903;1903;
00000000001904;1904;
00000000001905;1905;
00000000001906;1906;
17898679741146;1906;
00000000001907;1907;
07892840814762;1907;
00000000001908;1908;
07892840818180;1908;
00000000001909;1909;
07892840818203;1909;
00000000001910;1910;
07892840814540;1910;
00000000001911;1911;
07892840816780;1911;
00000000001912;1912;
07892840817343;1912;
00000000001913;1913;
07892840816773;1913;
00000000001914;1914;
00000000001915;1915;
00000000001916;1916;
00000000001917;1917;
00000000001918;1918;
00000000001919;1919;
00000000001920;1920;
00000000001921;1921;
07896058598537;1921;
00000000001922;1922;
00000000001923;1923;
00000000001924;1924;
00000000001925;1925;
07898363314062;1925;
00000000001926;1926;
07898363314048;1926;
00000000001927;1927;
07898363314017;1927;
00000000001928;1928;
07898363313393;1928;
00000000001929;1929;
07898363312150;1929;
00000000001930;1930;
07898363315526;1930;
00000000001931;1931;
07898363313379;1931;
00000000001932;1932;
07898363313249;1932;
00000000001933;1933;
07898363313287;1933;
00000000001934;1934;
07898363314994;1934;
00000000001935;1935;
07898363313225;1935;
00000000001936;1936;
07898363313263;1936;
00000000001937;1937;
07898363312556;1937;
00000000001938;1938;
07898363311894;1938;
00000000001939;1939;
00000000001940;1940;
00000000001941;1941;
00000000001942;1942;
00000000001943;1943;
00000000001944;1944;
00000000001945;1945;
00000000001946;1946;
00000000001947;1947;
00000000001948;1948;
00000000001949;1949;
00000000001950;1950;
07896481022340;1950;
00000000001951;1951;
00000000001952;1952;
00000000001953;1953;
00000000001954;1954;
00000000001955;1955;
07892840817862;1955;
00000000001956;1956;
07892840817909;1956;
00000000001957;1957;
00000000001958;1958;
00000000001959;1959;
07892840818111;1959;
00000000001960;1960;
07892840817763;1960;
00000000001961;1961;
07892840817848;1961;
00000000001962;1962;
00000000001963;1963;
00000000001964;1964;
00000000001965;1965;
00000000001966;1966;
00000000001967;1967;
00000000001986;1986;
00000000001994;1994;
07896058597851;1994;
00000000001995;1995;
00000000001996;1996;
00000000001997;1997;
00000000001999;1999;
07896058598193;1999;
00000000002000;2000;
07896058598179;2000;
00000000002001;2001;
07896058598216;2001;
00000000002002;2002;
07896058598230;2002;
00000000002003;2003;
07896058598247;2003;
00000000002004;2004;
00000000002005;2005;
00000000002006;2006;
00000000002007;2007;
00000000002008;2008;
00000000002009;2009;
00000000002010;2010;
00000000002011;2011;
17894321722099;2011;
00000000002012;2012;
00000000002013;2013;
00000000002014;2014;
00000000002015;2015;
00000000002016;2016;
00000000002017;2017;
00000000002018;2018;
00000000002019;2019;
00000000002020;2020;
00000000002021;2021;
00000000002022;2022;
00000000002023;2023;
00000000002024;2024;
00000000002025;2025;
00000000002026;2026;
00000000002027;2027;
00000000002028;2028;
00000000002029;2029;
00000000002030;2030;
00000000002031;2031;
00000000002032;2032;
00000000002033;2033;
00000000002034;2034;
00000000002035;2035;
00000000002036;2036;
00000000002037;2037;
00000000002038;2038;
00000000002039;2039;
00000000002040;2040;
00000000002042;2042;
07892840817916;2042;
00000000002044;2044;
17898968780009;2044;
00000000002045;2045;
17898968780016;2045;
00000000002046;2046;
07896058505979;2046;
00000000002047;2047;
07896058599640;2047;
00000000002048;2048;
07896058599671;2048;
00000000002049;2049;
07896058599695;2049;
00000000002050;2050;
07896058506051;2050;
00000000002051;2051;
07896058599657;2051;
00000000002052;2052;
07896058599701;2052;
00000000002053;2053;
07896058599664;2053;
00000000002054;2054;
07896058506006;2054;
00000000002055;2055;
07896058599244;2055;
00000000002056;2056;
07896058505962;2056;
00000000002057;2057;
17898968780030;2057;
00000000002058;2058;
17898968780023;2058;
00000000002059;2059;
17898968780092;2059;
00000000002060;2060;
07896058599398;2060;
00000000002061;2061;
00000000002062;2062;
00000000002063;2063;
07896058599336;2063;
00000000002066;2066;
07891151029254;2066;
00000000002069;2069;
07896058599497;2069;
00000000002070;2070;
07896058504118;2070;
00000000002071;2071;
07896058599299;2071;
00000000002072;2072;
07896058500295;2072;
00000000002073;2073;
07896058599503;2073;
00000000002074;2074;
07896058599480;2074;
00000000002075;2075;
07896058599510;2075;
00000000002076;2076;
07896058599848;2076;
00000000002077;2077;
07896058599794;2077;
00000000002078;2078;
07896058599817;2078;
00000000002079;2079;
07896058599824;2079;
00000000002080;2080;
07896058599619;2080;
00000000002081;2081;
07896058599923;2081;
00000000002082;2082;
07896058599411;2082;
00000000002083;2083;
07896058599350;2083;
00000000002084;2084;
07896058500042;2084;
00000000002085;2085;
07896058500066;2085;
00000000002086;2086;
07896058500059;2086;
00000000002087;2087;
07896280833116;2087;
00000000002088;2088;
07896280835226;2088;
00000000002090;2090;
07896007942947;2090;
00000000002091;2091;
07896007961375;2091;
00000000002092;2092;
07896007961573;2092;
00000000002093;2093;
07896007932436;2093;
00000000002094;2094;
07896007932337;2094;
00000000002095;2095;
07896007942534;2095;
00000000002096;2096;
07896007912124;2096;
00000000002097;2097;
07896007998227;2097;
00000000002098;2098;
07896007998524;2098;
00000000002099;2099;
07896007998128;2099;
00000000002100;2100;
07896007962570;2100;
00000000002101;2101;
07896007952267;2101;
00000000002102;2102;
07896007961672;2102;
00000000002103;2103;
07896007973170;2103;
00000000002104;2104;
07896007903375;2104;
00000000002105;2105;
07896007903276;2105;
00000000002106;2106;
07896007973477;2106;
00000000002107;2107;
07896007903474;2107;
00000000002108;2108;
07896007973378;2108;
00000000002109;2109;
07896007973279;2109;
00000000002110;2110;
07896007903177;2110;
00000000002111;2111;
07896007932931;2111;
00000000002112;2112;
07896007931217;2112;
00000000002113;2113;
07896007932115;2113;
00000000002114;2114;
07896007932016;2114;
00000000002115;2115;
07896007931910;2115;
00000000002116;2116;
07896058594751;2116;
00000000002117;2117;
07896058599541;2117;
00000000002118;2118;
07896058599800;2118;
00000000002119;2119;
07896058599831;2119;
00000000002120;2120;
07896058599626;2120;
00000000002121;2121;
07896058599633;2121;
00000000002122;2122;
07896058599435;2122;
00000000002123;2123;
07896058599442;2123;
00000000002124;2124;
07896058599374;2124;
00000000002125;2125;
07896058599459;2125;
00000000002126;2126;
07896058599930;2126;
00000000002127;2127;
07896058599473;2127;
00000000002128;2128;
00000000002129;2129;
00000000002130;2130;
00000000002131;2131;
00000000002132;2132;
07898021635126;2132;
00000000002133;2133;
07898021635119;2133;
00000000002134;2134;
07898021635102;2134;
07890389700164;2135;
00000000002136;2136;
00000000002137;2137;
00000000002138;2138;
00000000002139;2139;
07896058500271;2139;
00000000002140;2140;
00000000002141;2141;
00000000002142;2142;
00000000002143;2143;
07896007942541;2143;
00000000002144;2144;
07896481057366;2144;
07896481057380;2145;
00000000002146;2146;
07896481057304;2146;
00000000002147;2147;
07896481057298;2147;
07896481057250;2148;
00000000002149;2149;
07892840818210;2149;
00000000002150;2150;
07896058599282;2150;
00000000002151;2151;
00789605859971;2151;
00000000002152;2152;
07896280835097;2152;
00000000002153;2153;
07896058599305;2153;
00000000002154;2154;
07898530840479;2154;
00000000002155;2155;
07898530840486;2155;
00000000002156;2156;
07898530842251;2156;
00000000002157;2157;
07896665203107;2157;
00000000002158;2158;
07892840820145;2158;
00000000002159;2159;
07892840820107;2159;
00000000002160;2160;
07892840820121;2160;
00000000002161;2161;
07892840820244;2161;
00000000002162;2162;
00000000002163;2163;
07892840820114;2163;
00000000002164;2164;
07892840820183;2164;
00000000002165;2165;
00000000002166;2166;
00000000002167;2167;
00000000002168;2168;
00000000002169;2169;
00000000002170;2170;
00000000002171;2171;
00000000002172;2172;
00000000002173;2173;
00000000002174;2174;
00000000002175;2175;
00000000002176;2176;
00000000002177;2177;
00000000002178;2178;
00000000002179;2179;
00000000002180;2180;
00000000002181;2181;
00000000002182;2182;
00000000002183;2183;
00000000002184;2184;
00000000002185;2185;
00000000002186;2186;
00000000002187;2187;
00000000002188;2188;
00000000002189;2189;
00000000002190;2190;
00000000002191;2191;
07896286621311;2191;
